key,key:user-account,firm,professional-id,certifications,link
auditor-01,user-account-auditor-01,"Lorem ipsum","Lorem ipsum","Lorem ipsum","http://www.lorem-ipsum.org"
auditor-02,user-account-auditor-02,"L","Lorem ipsum","Lorem ipsum","http://www.lorem-ipsum.org"
auditor-03,user-account-auditor-03,"Lo","Lorem ipsum","Lorem ipsum","http://www.lorem-ipsum.org"
auditor-04,user-account-auditor-04,"Lorem ipsum","Lorem ipsum","Lorem ipsum","https://www.lorem-ipsum.org"
auditor-05,user-account-auditor-05,"Lorem ipsum dolor sit amet, consectetur adipiscing elit, sed do eiusmod te","Lorem ipsum","Lorem ipsum","http://www.lorem-ipsum.org"
auditor-06,user-account-auditor-06,"Lorem ipsum dolor sit amet, consectetur adipiscing elit, sed do eiusmod tem","Lorem ipsum","Lorem ipsum","http://www.lorem-ipsum.org"
auditor-07,user-account-auditor-07,"<h1>!</h1>","Lorem ipsum","Lorem ipsum","http://www.lorem-ipsum.org"
auditor-08,user-account-auditor-08,"' or 'A'='A","Lorem ipsum","Lorem ipsum","http://www.lorem-ipsum.org"
auditor-09,user-account-auditor-09,"국민경제의 발전을","Lorem ipsum","Lorem ipsum","http://www.lorem-ipsum.org"
auditor-10,user-account-auditor-10,"العظمى واعتلاء","Lorem ipsum","Lorem ipsum","http://www.lorem-ipsum.org"
auditor-11,user-account-auditor-11,"Lorem ipsum","L","Lorem ipsum","http://www.lorem-ipsum.org"
auditor-12,user-account-auditor-12,"Lorem ipsum","Lo","Lorem ipsum","http://www.lorem-ipsum.org"
auditor-13,user-account-auditor-13,"Lorem ipsum","Lorem ipsum dolor sit am","Lorem ipsum","http://www.lorem-ipsum.org"
auditor-14,user-account-auditor-14,"Lorem ipsum","Lorem ipsum dolor sit ame","Lorem ipsum","http://www.lorem-ipsum.org"
auditor-15,user-account-auditor-15,"Lorem ipsum","<h1>!</h1>","Lorem ipsum","http://www.lorem-ipsum.org"
auditor-16,user-account-auditor-16,"Lorem ipsum","' or 'A'='A","Lorem ipsum","http://www.lorem-ipsum.org"
auditor-17,user-account-auditor-17,"Lorem ipsum","국민경제의 발전을","Lorem ipsum","http://www.lorem-ipsum.org"
auditor-18,user-account-auditor-18,"Lorem ipsum","العظمى واعتلاء","Lorem ipsum","http://www.lorem-ipsum.org"
auditor-19,user-account-auditor-19,"Lorem ipsum","Lorem ipsum","L","http://www.lorem-ipsum.org"
auditor-20,user-account-auditor-20,"Lorem ipsum","Lorem ipsum","Lo","http://www.lorem-ipsum.org"
auditor-21,user-account-auditor-21,"Lorem ipsum","Lorem ipsum","Lorem ipsum dolor sit amet, consectetur adipiscing elit, sed do eiusmod tempor incididunt ut labore","http://www.lorem-ipsum.org"
auditor-22,user-account-auditor-22,"Lorem ipsum","Lorem ipsum","Lorem ipsum dolor sit amet, consectetur adipiscing elit, sed do eiusmod tempor incididunt ut labore*","http://www.lorem-ipsum.org"
auditor-23,user-account-auditor-23,"Lorem ipsum","Lorem ipsum","<h1>!</h1>","http://www.lorem-ipsum.org"
auditor-24,user-account-auditor-24,"Lorem ipsum","Lorem ipsum","' or 'A'='A","http://www.lorem-ipsum.org"
auditor-25,user-account-auditor-25,"Lorem ipsum","Lorem ipsum","국민경제의 발전을","http://www.lorem-ipsum.org"
auditor-26,user-account-auditor-26,"Lorem ipsum","Lorem ipsum","العظمى واعتلاء","http://www.lorem-ipsum.org"
auditor-27,user-account-auditor-27,"Lorem ipsum","Lorem ipsum","Lorem ipsum",""
auditor-28,user-account-auditor-28,"Lorem ipsum","Lorem ipsum","Lorem ipsum",null
auditor-29,user-account-auditor-29,"Lorem ipsum","Lorem ipsum","Lorem ipsum","ftp://a"
auditor-30,user-account-auditor-30,"Lorem ipsum","Lorem ipsum","Lorem ipsum","ftp://a.b"
auditor-31,user-account-auditor-31,"Lorem ipsum","Lorem ipsum","Lorem ipsum","http://www.lorem-ipsum.org/dolor/sit/amet,/consectetur/adipiscing/elit,/sed/do/eiusmod/tempor/incididunt/ut/labore/et/dolore/magna/aliqua/Ut/enim/ad/minim/veniam/quis/nostrud/exercitation/ullamco/laboris/nisi/ut/aliquip/ex/ea/commodo/consequat/duis/aute/"
auditor-32,user-account-auditor-32,"Lorem ipsum","Lorem ipsum","Lorem ipsum","http://www.lorem-ipsum.org/dolor/sit/amet,/consectetur/adipiscing/elit,/sed/do/eiusmod/tempor/incididunt/ut/labore/et/dolore/magna/aliqua/Ut/enim/ad/minim/veniam/quis/nostrud/exercitation/ullamco/laboris/nisi/ut/aliquip/ex/ea/commodo/consequat/duis/aute/X"
auditor-33,user-account-auditor-33,"Lorem ipsum","Lorem ipsum","Lorem ipsum","ftp://www.lorem-ipsum.org"
auditor-34,user-account-auditor-34,"Lorem ipsum","Lorem ipsum","Lorem ipsum","http://www.lorem-ipsum.org/dolor/sit.html"
auditor-35,user-account-auditor-35,"Lorem ipsum","Lorem ipsum","Lorem ipsum","http://www.lorem-ipsum.org/dolor/sit.html#dolor"
auditor-36,user-account-auditor-36,"Lorem ipsum","Lorem ipsum","Lorem ipsum","http://example.org?a=1&b=2"
auditor-37,user-account-auditor-37,"Lorem ipsum","Lorem ipsum","Lorem ipsum","http://example.org?"
auditor-38,user-account-auditor-38,"Lorem ipsum","Lorem ipsum","Lorem ipsum","http://example.org?a"
auditor-39,user-account-auditor-39,"Lorem ipsum","Lorem ipsum","Lorem ipsum","http://example.org?a&b"
auditor-40,user-account-auditor-40,"Lorem ipsum","Lorem ipsum","Lorem ipsum","http://example.org/"
auditor-41,user-account-auditor-41,"Lorem ipsum","Lorem ipsum","Lorem ipsum","http://example.org/a"
auditor-42,user-account-auditor-42,"Lorem ipsum","Lorem ipsum","Lorem ipsum","http://example.org/a/b"
auditor-43,user-account-auditor-43,"Lorem ipsum","Lorem ipsum","Lorem ipsum","http://example.org/a/b?"
auditor-44,user-account-auditor-44,"Lorem ipsum","Lorem ipsum","Lorem ipsum","http://example.org/a/b?a&b"