key,code,instantiation-moment,heading,description,department,email,link
claim-01,C-0001,2022/07/29 23:00,Lorem ipsum,Lorem ipsum,Lorem ipsum,acme@lorem-ipsum.org,http://www.lorem-ipsum.org
claim-02,C-9999,2000/01/01 00:00,Lorem ipsum,Lorem ipsum,Lorem ipsum,acme@lorem-ipsum.org,http://www.lorem-ipsum.org
claim-03,C-5000,2000/01/01 00:01,Lorem ipsum,Lorem ipsum,Lorem ipsum,acme@lorem-ipsum.org,http://www.lorem-ipsum.org
claim-04,C-0002,2022/07/29 23:59,Lorem ipsum,Lorem ipsum,Lorem ipsum,acme@lorem-ipsum.org,http://www.lorem-ipsum.org
claim-05,C-0003,2022/07/30 00:00,Lorem ipsum,Lorem ipsum,Lorem ipsum,acme@lorem-ipsum.org,http://www.lorem-ipsum.org
claim-06,C-0004,2020/02/28 00:00,Lorem ipsum,Lorem ipsum,Lorem ipsum,acme@lorem-ipsum.org,http://www.lorem-ipsum.org
claim-07,C-0005,2022/07/29 23:00,L,Lorem ipsum,Lorem ipsum,acme@lorem-ipsum.org,http://www.lorem-ipsum.org
claim-08,C-0006,2022/07/29 23:00,Lo,Lorem ipsum,Lorem ipsum,acme@lorem-ipsum.org,http://www.lorem-ipsum.org
claim-09,C-0007,2022/07/29 23:00,"Lorem ipsum dolor sit amet,consectetur adipiscing elit,sed do eiusmod te",Lorem ipsum,Lorem ipsum,acme@lorem-ipsum.org,http://www.lorem-ipsum.org
claim-10,C-0008,2022/07/29 23:00,"Lorem ipsum dolor sit amet,consectetur adipiscing elit,sed do eiusmod tem",Lorem ipsum,Lorem ipsum,acme@lorem-ipsum.org,http://www.lorem-ipsum.org
claim-11,C-0009,2022/07/29 23:00,<h1>!</h1>,Lorem ipsum,Lorem ipsum,acme@lorem-ipsum.org,http://www.lorem-ipsum.org
claim-12,C-0010,2022/07/29 23:00,' or 'A'='A,Lorem ipsum,Lorem ipsum,acme@lorem-ipsum.org,http://www.lorem-ipsum.org
claim-13,C-0011,2022/07/29 23:00,국민경제의 발전을,Lorem ipsum,Lorem ipsum,acme@lorem-ipsum.org,http://www.lorem-ipsum.org
claim-14,C-0012,2022/07/29 23:00,العظمى واعتلاء,Lorem ipsum,Lorem ipsum,acme@lorem-ipsum.org,http://www.lorem-ipsum.org
claim-15,C-0013,2022/07/29 23:00,Lorem ipsum,L,Lorem ipsum,acme@lorem-ipsum.org,http://www.lorem-ipsum.org
claim-16,C-0014,2022/07/29 23:00,Lorem ipsum,Lo,Lorem ipsum,acme@lorem-ipsum.org,http://www.lorem-ipsum.org
claim-17,C-0015,2022/07/29 23:00,Lorem ipsum,"Lorem ipsum dolor sit amet, consectetur adipiscing elit, sed do eiusmod tempor incididunt ut labore",Lorem ipsum,acme@lorem-ipsum.org,http://www.lorem-ipsum.org
claim-18,C-0016,2022/07/29 23:00,Lorem ipsum,"Lorem ipsum dolor sit amet, consectetur adipiscing elit, sed do eiusmod tempor incididunt ut labore*",Lorem ipsum,acme@lorem-ipsum.org,http://www.lorem-ipsum.org
claim-19,C-0017,2022/07/29 23:00,Lorem ipsum,<h1>!</h1>,Lorem ipsum,acme@lorem-ipsum.org,http://www.lorem-ipsum.org
claim-20,C-0018,2022/07/29 23:00,Lorem ipsum,' or 'A'='A,Lorem ipsum,acme@lorem-ipsum.org,http://www.lorem-ipsum.org
claim-21,C-0019,2022/07/29 23:00,Lorem ipsum,국민경제의 발전을,Lorem ipsum,acme@lorem-ipsum.org,http://www.lorem-ipsum.org
claim-22,C-0020,2022/07/29 23:00,Lorem ipsum,العظمى واعتلاء,Lorem ipsum,acme@lorem-ipsum.org,http://www.lorem-ipsum.org
claim-23,C-0021,2022/07/29 23:00,Lorem ipsum,Lorem ipsum,L,acme@lorem-ipsum.org,http://www.lorem-ipsum.org
claim-24,C-0022,2022/07/29 23:00,Lorem ipsum,Lorem ipsum,Lo,acme@lorem-ipsum.org,http://www.lorem-ipsum.org
claim-25,C-0023,2022/07/29 23:00,Lorem ipsum,Lorem ipsum,"Lorem ipsum dolor sit amet, consectetur adipiscing elit, sed do eiusmod tempor incididunt ut labore",acme@lorem-ipsum.org,http://www.lorem-ipsum.org
claim-26,C-0024,2022/07/29 23:00,Lorem ipsum,Lorem ipsum,"Lorem ipsum dolor sit amet, consectetur adipiscing elit, sed do eiusmod tempor incididunt ut labore*",acme@lorem-ipsum.org,http://www.lorem-ipsum.org
claim-27,C-0025,2022/07/29 23:00,Lorem ipsum,Lorem ipsum,<h1>!</h1>,acme@lorem-ipsum.org,http://www.lorem-ipsum.org
claim-28,C-0026,2022/07/29 23:00,Lorem ipsum,Lorem ipsum,' or 'A'='A,acme@lorem-ipsum.org,http://www.lorem-ipsum.org
claim-29,C-0027,2022/07/29 23:00,Lorem ipsum,Lorem ipsum,국민경제의 발전을,acme@lorem-ipsum.org,http://www.lorem-ipsum.org
claim-30,C-0028,2022/07/29 23:00,Lorem ipsum,Lorem ipsum,العظمى واعتلاء,acme@lorem-ipsum.org,http://www.lorem-ipsum.org
claim-31,C-0029,2022/07/29 23:00,Lorem ipsum,Lorem ipsum,Lorem ipsum,,http://www.lorem-ipsum.org
claim-32,C-0030,2022/07/29 23:00,Lorem ipsum,Lorem ipsum,Lorem ipsum,a@b.es,http://www.lorem-ipsum.org
claim-33,C-0031,2022/07/29 23:00,Lorem ipsum,Lorem ipsum,Lorem ipsum,a@b.esx,http://www.lorem-ipsum.org
claim-34,C-0032,2022/07/29 23:00,Lorem ipsum,Lorem ipsum,Lorem ipsum,"lorem-ipsum@dolor.sit.amet.consectetur.adipiscing.elit.sed.do.eiusmod.tempor.incididunt.ut.labore.et.dolore.magna.aliqua.Ut.enim.ad.minim.veniam.quis.nostrud.exercitation.ullamco.laboris.nisi.ut.aliquip.ex.ea.commodo.consequat.duis.aute.irure.dolor.es",http://example.org/a/b?a&b
claim-35,C-0033,2022/07/29 23:00,Lorem ipsum,Lorem ipsum,Lorem ipsum,"lorem-ipsum@dolor.sit.amet.consectetur.adipiscing.elit.sed.do.eiusmod.tempor.incididunt.ut.labore.et.dolore.magna.aliqua.Ut.enim.ad.minim.veniam.quis.nostrud.exercitation.ullamco.laboris.nisi.ut.aliquip.ex.ea.commodo.consequat.duis.aute.irure.dolor.org",http://example.org?a&b
claim-36,C-0034,2022/07/29 23:00,Lorem ipsum,Lorem ipsum,Lorem ipsum,"acmepassword@lorem-ipsum.org",http://example.org?a=1&b=2
claim-37,C-0035,2022/07/29 23:00,Lorem ipsum,Lorem ipsum,Lorem ipsum,acme@lorem-ipsum.org,
claim-38,C-0036,2022/07/29 23:00,Lorem ipsum,Lorem ipsum,Lorem ipsum,acme@lorem-ipsum.org,ftp://a
claim-39,C-0037,2022/07/29 23:00,Lorem ipsum,Lorem ipsum,Lorem ipsum,acme@lorem-ipsum.org,ftp://a.b
claim-40,C-0038,2022/07/29 23:00,Lorem ipsum,Lorem ipsum,Lorem ipsum,acme@lorem-ipsum.org,"http://www.lorem-ipsum.org/dolor/sit/amet,/consectetur/adipiscing/elit,/sed/do/eiusmod/tempor/incididunt/ut/labore/et/dolore/magna/aliqua/Ut/enim/ad/minim/veniam/quis/nostrud/exercitation/ullamco/laboris/nisi/ut/aliquip/ex/ea/commodo/consequat/duis/aute/"
claim-41,C-0039,2022/07/29 23:00,Lorem ipsum,Lorem ipsum,Lorem ipsum,국민경제의@acme.com,"http://www.lorem-ipsum.org/dolor/sit/amet,/consectetur/adipiscing/elit,/sed/do/eiusmod/tempor/incididunt/ut/labore/et/dolore/magna/aliqua/Ut/enim/ad/minim/veniam/quis/nostrud/exercitation/ullamco/laboris/nisi/ut/aliquip/ex/ea/commodo/consequat/duis/aute/X"
claim-42,C-5840,2022/07/29 23:00,Lorem ipsum,Lorem ipsum,Lorem ipsum,واعتلاء@acme.com,http://www.lorem-ipsum.org/dolor/sit.html#dolor
claim-43,C-5841,2022/07/29 23:00,Lorem ipsum,Lorem ipsum,Lorem ipsum,null,null