key,key:user-account,degree,specialisation,skills,email,link
developer-01,user-account-developer-01,d,specialisation,skills,albert@acme.com,https://albert@acme.com
developer-02,user-account-developer-02,d2,specialisation,skills,andrew@acme.com,https://andrew@acme.com
developer-03,user-account-developer-03,Lorem ipsum dolor sit amets consectetur adipiscing elits aenean massa nunc,specialisation,skills,albert@acme.com,https://albert@acme.com
developer-04,user-account-developer-04,Lorem ipsum dolor sit amets consectetur adipiscing elits aenean massa nunca,specialisation,skills,andrew@acme.com,https://andrew@acme.com
developer-05,user-account-developer-05,degree,specialisation,s,albert@acme.com,https://albert@acme.com
developer-06,user-account-developer-06,degree,specialisation,s2,andrew@acme.com,https://andrew@acme.com
developer-07,user-account-developer-07,degree,specialisation,Lorem ipsum dolor sit amets consectetur adipiscing elits aenean massa nun,albert@acme.com,https://albert@acme.com
developer-08,user-account-developer-08,degree,specialisation,Lorem ipsum dolor sit amets consectetur adipiscing elits aenean massa nunc,andrew@acme.com,https://andrew@acme.com
developer-09,user-account-developer-09,degree,specialisation,null,albert@acme.com,https://albert@acme.com
developer-10,user-account-developer-10,degree,s,,andrew@acme.com,https://andrew@acme.com
developer-11,user-account-developer-11,degree,s2,skills,albert@acme.com,https://albert@acme.com
developer-12,user-account-developer-12,degree,Lorem ipsum dolor sit amets consectetur adipiscing elits aenean massa nun,skills,albert@acme.com,https://albert@acme.com
developer-13,user-account-developer-13,degree,Lorem ipsum dolor sit amets consectetur adipiscing elits aenean massa nunc,skills,albert@acme.com,https://albert@acme.com
developer-14,user-account-developer-14,degree,null,skills,albert@acme.com,https://albert@acme.com
developer-15,user-account-developer-14,degree,,skills,albert@acme.com,https://albert@acme.com
developer-16,user-account-developer-15,국민경제의 발전을,specialisation,skills,albert@acme.com,https://albert@acme.com
developer-17,user-account-developer-16,العظمى واعتلاء,specialisation,skills,albert@acme.com,https://albert@acme.com
developer-18,user-account-developer-17,<h1>!</h1>,specialisation,skills,albert@acme.com,https://albert@acme.com
developer-19,user-account-developer-18,' or 'A'='A,specialisation,skills,albert@acme.com,https://albert@acme.com
developer-20,user-account-developer-19,degree,국민경제의 발전을,skills,albert@acme.com,https://albert@acme.com
developer-21,user-account-developer-20,degree,العظمى واعتلاء,skills,albert@acme.com,https://albert@acme.com
developer-22,user-account-developer-21,degree,<h1>!</h1>,skills,albert@acme.com,https://albert@acme.com
developer-23,user-account-developer-22,degree,' or 'A'='A,skills,albert@acme.com,https://albert@acme.com
developer-24,user-account-developer-23,degree,specialisation,국민경제의 발전을,albert@acme.com,https://albert@acme.com
developer-25,user-account-developer-24,degree,specialisation,العظمى واعتلاء,albert@acme.com,https://albert@acme.com
developer-26,user-account-developer-25,degree,specialisation,<h1>!</h1>,albert@acme.com,https://albert@acme.com
developer-27,user-account-developer-26,degree,specialisation,' or 'A'='A,albert@acme.com,https://albert@acme.com
developer-28,user-account-developer-27,degree,specialisation,skills,albert@acme.com,ftp://a
developer-29,user-account-developer-28,degree,specialisation,skills,albert@acme.com,ftp://a.b
developer-30,user-account-developer-29,degree,specialisation,skills,albert@acme.com,http://www.lorem-ipsum.org/dolor/sit/amets/consectetur/adipiscing/elits/sed/do/eiusmod/tempor/incididunt/ut/labore/et/dolore/magna/aliqua/Ut/enim/ad/minim/veniam/quis/nostrud/exercitation/ullamco/laboris/nisi/ut/aliquip/ex/ea/commodo/consequat/duis/aute/
developer-31,user-account-developer-30,degree,specialisation,skills,albert@acme.com,http://www.lorem-ipsum.org/dolor/sit/amets/consectetur/adipiscing/elits/sed/do/eiusmod/tempor/incididunt/ut/labore/et/dolore/magna/aliqua/Ut/enim/ad/minim/veniam/quis/nostrud/exercitation/ullamco/laboris/nisi/ut/aliquip/ex/ea/commodo/consequat/duis/aute/X
developer-32,user-account-developer-31,degree,specialisation,skills,albert@acme.com,null
developer-33,user-account-developer-32,degree,specialisation,skills,albert@acme.com,
developer-34,user-account-developer-33,degree,specialisation,skills,a@b.c,https://albert@acme.com
developer-35,user-account-developer-34,degree,specialisation,skills,a@b2.c,https://albert@acme.com
developer-36,user-account-developer-35,degree,specialisation,skills,lorem.ipsum@dolor.sit.amets.consectetur.adipiscing.elits.sed.do.eiusmod.tempor.incididunt.ut.labore.et.dolore.magna.aliqua.Ut.enim.ad.minim.veniam.quis.nostrud.exercitation.ullamco.laboris.nisi.ut.aliquip.ex.ea.commodo.consequat.duis.aute.irure.dolor.esr,https://albert@acme.com
developer-37,user-account-developer-36,degree,specialisation,skills,lorem.ipsum@dolor.sit.amets.consectetur.adipiscing.elits.sed.do.eiusmod.tempor.incididunt.ut.labore.et.dolore.magna.aliqua.Ut.enim.ad.minim.veniam.quis.nostrud.exercitation.ullamco.laboris.nisi.ut.aliquip.ex.ea.commodo.consequat.duis.aute.irure.dolor.orgs,https://albert@acme.com