key,instantiation-moment,title,author,message,email,link
notice-01,2002/04/14 08:00,Test title,"provider1 - Provider, Laurel",This is a message,laurel@acme.com,http://link.com
notice-02,2022/07/29 23:59,Last minute,"provider1 - Provider, Laurel",This is a message,laurel@acme.com,http://link.com
notice-03,2002/04/14 08:00,a,"provider1 - Provider, Laurel",This is a message,laurel@acme.com,http://link.com
notice-04,2002/04/14 08:00,Extremely long title.......................................................,"provider1 - Provider, Laurel",This is a message,laurel@acme.com,http://link.com
notice-05,2002/04/14 08:00,अजीब अक्षर शीर्षक,"provider1 - Provider, Laurel",This is a message,laurel@acme.com,http://link.com
notice-06,2002/04/14 08:00,Short author,"prov4 - P, S",This is a message,short@acme.com,http://link.com
notice-07,2002/04/14 08:00,Extremely long author,"provider3 - Provider, Extenseeeeeeeeeeeeeeeeeeeeeeeeeeeeeeeeeeeeeeeeeeeeeee",This is a message,extense@acme.com,http://link.com
notice-08,2002/04/14 08:00,Strange characters provider,"provider2 - коза თხა, Martina",This is a message,martina@acme.com,http://link.com
notice-09,2002/04/14 08:00,Short message,"provider1 - Provider, Laurel",a,laurel@acme.com,http://link.com
notice-10,2002/04/14 08:00,Extremely long message,"provider1 - Provider, Laurel",....................................................................................................,laurel@acme.com,http://link.com
notice-11,2002/04/14 08:00,Strange characters message,"provider1 - Provider, Laurel",अजीब अक्षर संदेश,laurel@acme.com,http://link.com
notice-12,2002/04/14 08:00,Null email,"provider1 - Provider, Laurel",This is a message,,http://link.com
notice-13,2002/04/14 08:00,Null link,"provider1 - Provider, Laurel",This is a message,laurel@acme.com,
