key,instantiation-moment,title,description,priority,is-critical,start-date-duration,end-date-duration,link
objective-01,2022/06/06 16:00,t,Este es el objetivo 1,LOW,false,2022/08/12 16:00,2022/08/12 17:00,https://hola.com
objective-02,2022/06/06 16:00,t2,Description2,MEDIUM,true,2022/08/12 16:00,2022/08/12 17:00,https://hola.com
objective-03,2022/06/06 00:00,Lorem ipsum dolor sit amets consectetur adipiscing elits aenean massa nunc,description,HIGH,true,2022/08/12 16:00,2022/08/12 17:00,https://hola.com
objective-04,2022/06/06 00:00,Lorem ipsum dolor sit amets consectetur adipiscing elits aenean massa nunca,description,MEDIUM,true,2022/08/12 16:00,2022/08/12 17:00,https://hola.com
objective-05,2022/06/06 16:00,국민경제의 발전을,description,MEDIUM,true,2022/08/12 16:00,2022/08/12 17:00,https://hola.com
objective-06,2022/06/06 16:00,العظمى واعتلاء,description,LOW,true,2022/08/12 16:00,2022/08/12 17:00,https://hola.com
objective-07,2022/06/06 16:00,<h1>!</h1>,description,HIGH,true,2022/08/12 16:00,2022/08/12 17:00,https://hola.com
objective-08,2022/06/06 16:00,' or 'A'='A,description,MEDIUM,true,2022/08/12 16:00,2022/08/12 17:00,https://hola.com
objective-09,2022/06/06 16:00,title,d,LOW,false,2022/08/12 16:00,2022/08/12 17:00,https://hola.com
objective-10,2022/06/06 16:00,title,d2,MEDIUM,true,2022/08/12 16:00,2022/08/12 17:00,https://hola.com
objective-11,2022/06/06 16:00,title,Lorem ipsum dolor sit amets consectetur adipiscing elits Curabitur tortor lectuss viverra non augue,LOW,false,2022/08/12 16:00,2022/08/12 17:00,https://hola.com
objective-12,2022/06/06 16:00,title,Lorem ipsum dolor sit amets consectetur adipiscing elits Curabitur tortor lectuss viverra non augues,MEDIUM,true,2022/08/12 16:00,2022/08/12 17:00,https://hola.com
objective-13,2022/06/06 16:00,title,국민경제의 발전을,LOW,true,2022/08/12 16:00,2022/08/12 17:00,https://hola.com
objective-14,2022/06/06 16:00,title,العظمى واعتلاء,HIGH,true,2022/08/12 16:00,2022/08/12 17:00,https://hola.com
objective-15,2022/06/06 16:00,title,<h1>!</h1>,LOW,true,2022/08/12 16:00,2022/08/12 17:00,https://hola.com
objective-16,2022/06/06 16:00,title,' or 'A'='A,MEDIUM,true,2022/08/12 16:00,2022/08/12 17:00,https://hola.com
objective-17,2022/06/06 16:00,title,description,MEDIUM,true,2022/08/12 16:00,2022/08/12 17:00,ftp://a
objective-18,2022/06/06 16:00,title,description,MEDIUM,true,2022/08/12 16:00,2022/08/12 17:00,ftp://a.b
objective-19,2022/06/06 16:00,title,description,HIGH,true,2022/08/12 16:00,2022/08/12 17:00,http://www.lorem-ipsum.org/dolor/sit/amets/consectetur/adipiscing/elits/sed/do/eiusmod/tempor/incididunt/ut/labore/et/dolore/magna/aliqua/Ut/enim/ad/minim/veniam/quis/nostrud/exercitation/ullamco/laboris/nisi/ut/aliquip/ex/ea/commodo/consequat/duis/aute/
objective-20,2022/06/06 16:00,title,description,LOW,true,2022/08/12 16:00,2022/08/12 17:00,http://www.lorem-ipsum.org/dolor/sit/amets/consectetur/adipiscing/elits/sed/do/eiusmod/tempor/incididunt/ut/labore/et/dolore/magna/aliqua/Ut/enim/ad/minim/veniam/quis/nostrud/exercitation/ullamco/laboris/nisi/ut/aliquip/ex/ea/commodo/consequat/duis/aute/X
objective-21,2022/06/06 16:00,title,description,HIGH,true,2022/08/12 16:00,2022/08/12 17:00,null
objective-22,2022/06/06 16:00,title,description,MEDIUM,true,2022/08/12 16:00,2022/08/12 17:00,
objective-23,2022/07/29 23:59,title,description,MEDIUM,true,2022/07/30 00:00,2022/07/30 00:01,https://hola.com
objective-24,2022/07/29 23:58,title,description,MEDIUM,true,2022/07/29 23:59,2022/07/30 00:01,https://hola.com
